"","V1","V2","V3","V4","V5"
"U10","I679","I207","I233","I152","I455"
"U100","I679","I207","I233","I152","I455"
"U1001","I679","I207","I233","I152","I455"
"U1002","I679","I207","I233","I152","I455"
"U1003","I51","I717","I225","I227","I53"
"U1005","I679","I207","I233","I152","I455"
"U1006","I679","I207","I233","I152","I455"
"U1009","I917","I707","I257","I1672","I486"
"U101","I917","I707","I257","I1672","I486"
"U1010","I51","I717","I225","I227","I53"
"U1011","I1098","I230","I209","I961","I154"
"U1012","I190","I65","I154","I229","I207"
"U1014","I679","I207","I233","I152","I455"
"U1015","I679","I207","I233","I152","I455"
"U1016","I227","I154","I439","I197","I195"
"U1017","I289","I292","I288","I679","I455"
"U1018","I679","I207","I233","I152","I455"
"U1019","I227","I154","I439","I197","I195"
"U102","I227","I154","I439","I197","I195"
"U1020","I498","I65","I681","I1672","I679"
"U1021","I679","I207","I233","I152","I455"
"U1022","I679","I207","I233","I152","I455"
"U1023","I289","I292","I288","I679","I455"
"U1024","I377","I187","I1047","I310","I1186"
"U1025","I679","I207","I233","I152","I455"
"U1027","I55","I289","I292","I532","I58"
"U1028","I917","I707","I257","I1672","I486"
"U1029","I679","I207","I233","I152","I455"
"U103","I154","I227","I1098","I439","I65"
"U1033","I292","I289","I295","I288","I704"
"U1034","I292","I289","I295","I288","I704"
"U1036","I679","I207","I233","I152","I455"
"U1038","I679","I207","I233","I152","I455"
"U1039","I917","I707","I257","I1672","I486"
"U104","I679","I207","I233","I152","I455"
"U1040","I679","I207","I233","I152","I455"
"U1041","I173","I190","I1713","I3200","I486"
"U1042","I679","I207","I233","I152","I455"
"U1046","I461","I289","I325","I681","I458"
"U1049","I173","I190","I1713","I3200","I486"
"U1050","I679","I207","I233","I152","I455"
"U1051","I679","I207","I233","I152","I455"
"U1052","I679","I207","I233","I152","I455"
"U1053","I289","I292","I288","I679","I455"
"U1056","I679","I207","I233","I152","I455"
"U1057","I679","I207","I233","I152","I455"
"U1058","I461","I289","I325","I681","I458"
"U1060","I679","I207","I233","I152","I455"
"U1063","I679","I207","I233","I152","I455"
"U1064","I917","I707","I257","I1672","I486"
"U1065","I292","I289","I295","I288","I704"
"U1068","I1098","I230","I209","I961","I154"
"U1069","I289","I292","I288","I679","I455"
"U107","I917","I707","I257","I1672","I486"
"U1070","I679","I207","I233","I152","I455"
"U1071","I292","I289","I295","I288","I704"
"U1072","I292","I289","I295","I288","I704"
"U1073","I227","I154","I439","I197","I195"
"U1074","I51","I717","I225","I227","I53"
"U1075","I1098","I230","I209","I961","I154"
"U1079","I917","I707","I257","I1672","I486"
"U1080","I289","I292","I288","I679","I455"
"U1081","I190","I65","I154","I229","I207"
"U1082","I679","I207","I233","I152","I455"
"U1083","I1098","I230","I209","I961","I154"
"U1084","I679","I207","I233","I152","I455"
"U1086","I679","I207","I233","I152","I455"
"U1087","I679","I207","I233","I152","I455"
"U1088","I679","I207","I233","I152","I455"
"U1089","I679","I207","I233","I152","I455"
"U109","I679","I207","I233","I152","I455"
"U1091","I679","I207","I233","I152","I455"
"U1092","I679","I207","I233","I152","I455"
"U1094","I679","I207","I233","I152","I455"
"U1097","I1098","I230","I209","I961","I154"
"U1098","I679","I207","I233","I152","I455"
"U1099","I679","I207","I233","I152","I455"
"U11","I289","I292","I288","I679","I455"
"U110","I289","I292","I288","I679","I455"
"U1102","I55","I289","I292","I532","I58"
"U1103","I679","I207","I233","I152","I455"
"U1104","I1098","I230","I209","I961","I154"
"U1106","I461","I289","I325","I681","I458"
"U1107","I917","I707","I257","I1672","I486"
"U1109","I289","I292","I288","I679","I455"
"U111","I679","I207","I233","I152","I455"
"U1110","I679","I207","I233","I152","I455"
"U1111","I679","I207","I233","I152","I455"
"U1112","I679","I207","I233","I152","I455"
"U1113","I288","I289","I306","I466","I300"
"U1114","I190","I65","I154","I229","I207"
"U1118","I190","I65","I154","I229","I207"
"U1119","I498","I65","I681","I1672","I679"
"U1120","I288","I289","I306","I466","I300"
"U1122","I679","I207","I233","I152","I455"
"U1124","I461","I289","I325","I681","I458"
"U1126","I917","I707","I257","I1672","I486"
"U1128","I289","I292","I288","I679","I455"
"U113","I679","I207","I233","I152","I455"
"U1130","I173","I190","I1713","I3200","I486"
"U1131","I679","I207","I233","I152","I455"
"U1132","I289","I292","I288","I679","I455"
"U1133","I679","I207","I233","I152","I455"
"U1134","I300","I679","I288","I289","I466"
"U1135","I292","I289","I295","I288","I704"
"U1136","I679","I207","I233","I152","I455"
"U1137","I289","I292","I288","I679","I455"
"U1138","I154","I227","I1098","I439","I65"
"U1139","I289","I292","I288","I679","I455"
"U114","I679","I207","I233","I152","I455"
"U1140","I679","I207","I233","I152","I455"
"U1143","I679","I207","I233","I152","I455"
"U1145","I679","I207","I233","I152","I455"
"U1146","I679","I207","I233","I152","I455"
"U1147","I679","I207","I233","I152","I455"
"U1148","I679","I207","I233","I152","I455"
"U1149","I173","I190","I1713","I3200","I486"
"U1151","I679","I207","I233","I152","I455"
"U1153","I679","I207","I233","I152","I455"
"U1156","I154","I227","I1098","I439","I65"
"U1157","I679","I207","I233","I152","I455"
"U1158","I377","I187","I1047","I310","I1186"
"U1159","I679","I207","I233","I152","I455"
"U1160","I498","I65","I681","I1672","I679"
"U1161","I679","I207","I233","I152","I455"
"U1163","I190","I65","I154","I229","I207"
"U1164","I679","I207","I233","I152","I455"
"U1165","I679","I207","I233","I152","I455"
"U117","I51","I717","I225","I227","I53"
"U1170","I498","I65","I681","I1672","I679"
"U1171","I292","I289","I295","I288","I704"
"U1172","I679","I207","I233","I152","I455"
"U1173","I679","I207","I233","I152","I455"
"U1174","I679","I207","I233","I152","I455"
"U1176","I917","I707","I257","I1672","I486"
"U1178","I300","I679","I288","I289","I466"
"U1179","I300","I679","I288","I289","I466"
"U118","I679","I207","I233","I152","I455"
"U1180","I679","I207","I233","I152","I455"
"U1182","I154","I227","I1098","I439","I65"
"U1183","I234","I436","I227","I7","I154"
"U1184","I289","I292","I288","I679","I455"
"U1185","I55","I289","I292","I532","I58"
"U1186","I289","I292","I288","I679","I455"
"U1187","I227","I154","I439","I197","I195"
"U1188","I55","I289","I292","I532","I58"
"U1189","I289","I292","I288","I679","I455"
"U119","I679","I207","I233","I152","I455"
"U1190","I679","I207","I233","I152","I455"
"U1191","I679","I207","I233","I152","I455"
"U1192","I679","I207","I233","I152","I455"
"U1194","I679","I207","I233","I152","I455"
"U1196","I234","I436","I227","I7","I154"
"U1197","I917","I707","I257","I1672","I486"
"U1198","I300","I679","I288","I289","I466"
"U1199","I227","I154","I439","I197","I195"
"U12","I377","I187","I1047","I310","I1186"
"U120","I289","I292","I288","I679","I455"
"U1200","I51","I717","I225","I227","I53"
"U1202","I51","I717","I225","I227","I53"
"U1204","I679","I207","I233","I152","I455"
"U1209","I51","I717","I225","I227","I53"
"U121","I679","I207","I233","I152","I455"
"U1210","I51","I717","I225","I227","I53"
"U1212","I679","I207","I233","I152","I455"
"U1214","I679","I207","I233","I152","I455"
"U1215","I679","I207","I233","I152","I455"
"U1216","I917","I707","I257","I1672","I486"
"U1219","I679","I207","I233","I152","I455"
"U1220","I173","I190","I1713","I3200","I486"
"U1222","I679","I207","I233","I152","I455"
"U1223","I679","I207","I233","I152","I455"
"U1225","I173","I190","I1713","I3200","I486"
"U1226","I679","I207","I233","I152","I455"
"U1228","I679","I207","I233","I152","I455"
"U1229","I679","I207","I233","I152","I455"
"U123","I679","I207","I233","I152","I455"
"U1231","I679","I207","I233","I152","I455"
"U1232","I679","I207","I233","I152","I455"
"U1233","I55","I289","I292","I532","I58"
"U1234","I679","I207","I233","I152","I455"
"U1235","I679","I207","I233","I152","I455"
"U1236","I679","I207","I233","I152","I455"
"U1237","I227","I154","I439","I197","I195"
"U1238","I227","I154","I439","I197","I195"
"U1239","I227","I154","I439","I197","I195"
"U124","I173","I190","I1713","I3200","I486"
"U1240","I679","I207","I233","I152","I455"
"U1242","I679","I207","I233","I152","I455"
"U1243","I234","I436","I227","I7","I154"
"U1245","I917","I707","I257","I1672","I486"
"U1246","I377","I187","I1047","I310","I1186"
"U1247","I289","I292","I288","I679","I455"
"U1248","I917","I707","I257","I1672","I486"
"U125","I227","I154","I439","I197","I195"
"U1253","I289","I292","I288","I679","I455"
"U1254","I679","I207","I233","I152","I455"
"U1255","I173","I190","I1713","I3200","I486"
"U1256","I679","I207","I233","I152","I455"
"U1258","I679","I207","I233","I152","I455"
"U1259","I917","I707","I257","I1672","I486"
"U126","I498","I65","I681","I1672","I679"
"U1261","I154","I227","I1098","I439","I65"
"U1263","I289","I292","I288","I679","I455"
"U1264","I227","I154","I439","I197","I195"
"U1265","I533","I207","I227","I154","I203"
"U1267","I917","I707","I257","I1672","I486"
"U127","I917","I707","I257","I1672","I486"
"U1272","I498","I65","I681","I1672","I679"
"U1273","I679","I207","I233","I152","I455"
"U1274","I679","I207","I233","I152","I455"
"U1275","I227","I154","I439","I197","I195"
"U1277","I533","I207","I227","I154","I203"
"U1278","I288","I289","I306","I466","I300"
"U1279","I190","I65","I154","I229","I207"
"U128","I51","I717","I225","I227","I53"
"U1280","I154","I227","I1098","I439","I65"
"U1281","I679","I207","I233","I152","I455"
"U1282","I679","I207","I233","I152","I455"
"U1283","I498","I65","I681","I1672","I679"
"U1286","I679","I207","I233","I152","I455"
"U1288","I679","I207","I233","I152","I455"
"U1289","I154","I227","I1098","I439","I65"
"U129","I288","I289","I306","I466","I300"
"U1291","I1098","I230","I209","I961","I154"
"U1292","I1400","I230","I857","I227","I204"
"U1293","I917","I707","I257","I1672","I486"
"U1294","I679","I207","I233","I152","I455"
"U1295","I154","I227","I1098","I439","I65"
"U1296","I679","I207","I233","I152","I455"
"U1298","I289","I292","I288","I679","I455"
"U1299","I289","I292","I288","I679","I455"
"U13","I377","I187","I1047","I310","I1186"
"U130","I289","I292","I288","I679","I455"
"U1300","I289","I292","I288","I679","I455"
"U1301","I289","I292","I288","I679","I455"
"U1302","I227","I154","I439","I197","I195"
"U1303","I679","I207","I233","I152","I455"
"U1304","I289","I292","I288","I679","I455"
"U1305","I288","I289","I306","I466","I300"
"U1308","I289","I292","I288","I679","I455"
"U1309","I679","I207","I233","I152","I455"
"U1310","I498","I65","I681","I1672","I679"
"U1311","I917","I707","I257","I1672","I486"
"U1312","I679","I207","I233","I152","I455"
"U1313","I679","I207","I233","I152","I455"
"U1316","I679","I207","I233","I152","I455"
"U1318","I300","I679","I288","I289","I466"
"U1319","I1400","I230","I857","I227","I204"
"U132","I377","I187","I1047","I310","I1186"
"U1321","I679","I207","I233","I152","I455"
"U1322","I679","I207","I233","I152","I455"
"U1323","I498","I65","I681","I1672","I679"
"U1327","I51","I717","I225","I227","I53"
"U1329","I679","I207","I233","I152","I455"
"U133","I292","I289","I295","I288","I704"
"U1332","I289","I292","I288","I679","I455"
"U1333","I679","I207","I233","I152","I455"
"U1336","I679","I207","I233","I152","I455"
"U1337","I173","I190","I1713","I3200","I486"
"U1339","I498","I65","I681","I1672","I679"
"U134","I288","I289","I306","I466","I300"
"U1343","I679","I207","I233","I152","I455"
"U1346","I377","I187","I1047","I310","I1186"
"U1348","I679","I207","I233","I152","I455"
"U1349","I173","I190","I1713","I3200","I486"
"U135","I289","I292","I288","I679","I455"
"U1350","I917","I707","I257","I1672","I486"
"U1351","I498","I65","I681","I1672","I679"
"U1352","I679","I207","I233","I152","I455"
"U1353","I679","I207","I233","I152","I455"
"U1354","I679","I207","I233","I152","I455"
"U1355","I679","I207","I233","I152","I455"
"U1356","I289","I292","I288","I679","I455"
"U1358","I679","I207","I233","I152","I455"
"U136","I292","I289","I295","I288","I704"
"U1360","I679","I207","I233","I152","I455"
"U1362","I679","I207","I233","I152","I455"
"U1363","I498","I65","I681","I1672","I679"
"U1365","I289","I292","I288","I679","I455"
"U1366","I917","I707","I257","I1672","I486"
"U1368","I917","I707","I257","I1672","I486"
"U1369","I679","I207","I233","I152","I455"
"U137","I1098","I230","I209","I961","I154"
"U1372","I173","I190","I1713","I3200","I486"
"U1373","I1098","I230","I209","I961","I154"
"U1374","I679","I207","I233","I152","I455"
"U1375","I679","I207","I233","I152","I455"
"U1376","I917","I707","I257","I1672","I486"
"U1378","I679","I207","I233","I152","I455"
"U1379","I289","I292","I288","I679","I455"
"U1380","I173","I190","I1713","I3200","I486"
"U1381","I679","I207","I233","I152","I455"
"U1383","I154","I227","I1098","I439","I65"
"U1384","I534","I525","I289","I1098","I497"
"U1385","I679","I207","I233","I152","I455"
"U1387","I679","I207","I233","I152","I455"
"U1388","I300","I679","I288","I289","I466"
"U1389","I1400","I230","I857","I227","I204"
"U139","I498","I65","I681","I1672","I679"
"U1390","I227","I154","I439","I197","I195"
"U1394","I292","I289","I295","I288","I704"
"U1395","I679","I207","I233","I152","I455"
"U1396","I917","I707","I257","I1672","I486"
"U1399","I679","I207","I233","I152","I455"
"U140","I190","I65","I154","I229","I207"
"U1401","I679","I207","I233","I152","I455"
"U1402","I234","I436","I227","I7","I154"
"U1403","I679","I207","I233","I152","I455"
"U1404","I154","I227","I1098","I439","I65"
"U1405","I679","I207","I233","I152","I455"
"U1406","I154","I227","I1098","I439","I65"
"U1407","I533","I207","I227","I154","I203"
"U141","I51","I717","I225","I227","I53"
"U1410","I461","I289","I325","I681","I458"
"U1411","I154","I227","I1098","I439","I65"
"U1413","I289","I292","I288","I679","I455"
"U1414","I234","I436","I227","I7","I154"
"U1416","I227","I154","I439","I197","I195"
"U1418","I498","I65","I681","I1672","I679"
"U1419","I679","I207","I233","I152","I455"
"U1420","I227","I154","I439","I197","I195"
"U1422","I190","I65","I154","I229","I207"
"U1423","I289","I292","I288","I679","I455"
"U1424","I154","I227","I1098","I439","I65"
"U1425","I679","I207","I233","I152","I455"
"U1427","I51","I717","I225","I227","I53"
"U1428","I679","I207","I233","I152","I455"
"U1429","I292","I289","I295","I288","I704"
"U143","I679","I207","I233","I152","I455"
"U1430","I498","I65","I681","I1672","I679"
"U1431","I679","I207","I233","I152","I455"
"U1433","I1098","I230","I209","I961","I154"
"U1434","I292","I289","I295","I288","I704"
"U1435","I917","I707","I257","I1672","I486"
"U1437","I679","I207","I233","I152","I455"
"U1438","I227","I154","I439","I197","I195"
"U1439","I234","I436","I227","I7","I154"
"U144","I289","I292","I288","I679","I455"
"U1441","I679","I207","I233","I152","I455"
"U1442","I679","I207","I233","I152","I455"
"U1443","I679","I207","I233","I152","I455"
"U1444","I498","I65","I681","I1672","I679"
"U1445","I289","I292","I288","I679","I455"
"U1446","I461","I289","I325","I681","I458"
"U1447","I300","I679","I288","I289","I466"
"U1449","I227","I154","I439","I197","I195"
"U145","I300","I679","I288","I289","I466"
"U1450","I679","I207","I233","I152","I455"
"U1451","I679","I207","I233","I152","I455"
"U1452","I679","I207","I233","I152","I455"
"U1453","I288","I289","I306","I466","I300"
"U1454","I679","I207","I233","I152","I455"
"U1455","I679","I207","I233","I152","I455"
"U1456","I377","I187","I1047","I310","I1186"
"U1457","I461","I289","I325","I681","I458"
"U1458","I461","I289","I325","I681","I458"
"U1459","I679","I207","I233","I152","I455"
"U146","I288","I289","I306","I466","I300"
"U1461","I679","I207","I233","I152","I455"
"U1462","I234","I436","I227","I7","I154"
"U1464","I173","I190","I1713","I3200","I486"
"U1465","I679","I207","I233","I152","I455"
"U1466","I289","I292","I288","I679","I455"
"U1467","I679","I207","I233","I152","I455"
"U1469","I1098","I230","I209","I961","I154"
"U147","I289","I292","I288","I679","I455"
"U1470","I154","I227","I1098","I439","I65"
"U1471","I289","I292","I288","I679","I455"
"U1472","I679","I207","I233","I152","I455"
"U1473","I679","I207","I233","I152","I455"
"U1474","I679","I207","I233","I152","I455"
"U1475","I917","I707","I257","I1672","I486"
"U1476","I917","I707","I257","I1672","I486"
"U1478","I288","I289","I306","I466","I300"
"U1479","I679","I207","I233","I152","I455"
"U148","I679","I207","I233","I152","I455"
"U1480","I300","I679","I288","I289","I466"
"U1481","I679","I207","I233","I152","I455"
"U1483","I679","I207","I233","I152","I455"
"U1485","I154","I227","I1098","I439","I65"
"U1486","I679","I207","I233","I152","I455"
"U1489","I292","I289","I295","I288","I704"
"U149","I498","I65","I681","I1672","I679"
"U1490","I917","I707","I257","I1672","I486"
"U1491","I679","I207","I233","I152","I455"
"U1492","I498","I65","I681","I1672","I679"
"U1494","I679","I207","I233","I152","I455"
"U1496","I679","I207","I233","I152","I455"
"U1498","I679","I207","I233","I152","I455"
"U15","I154","I227","I1098","I439","I65"
"U150","I917","I707","I257","I1672","I486"
"U1502","I679","I207","I233","I152","I455"
"U1503","I679","I207","I233","I152","I455"
"U1504","I679","I207","I233","I152","I455"
"U1505","I679","I207","I233","I152","I455"
"U1506","I154","I227","I1098","I439","I65"
"U1508","I154","I227","I1098","I439","I65"
"U1509","I498","I65","I681","I1672","I679"
"U151","I498","I65","I681","I1672","I679"
"U1511","I292","I289","I295","I288","I704"
"U1513","I679","I207","I233","I152","I455"
"U1514","I679","I207","I233","I152","I455"
"U1515","I917","I707","I257","I1672","I486"
"U1516","I289","I292","I288","I679","I455"
"U1517","I917","I707","I257","I1672","I486"
"U1518","I679","I207","I233","I152","I455"
"U1519","I377","I187","I1047","I310","I1186"
"U152","I679","I207","I233","I152","I455"
"U1520","I1098","I230","I209","I961","I154"
"U1521","I300","I679","I288","I289","I466"
"U1522","I1400","I230","I857","I227","I204"
"U1524","I227","I154","I439","I197","I195"
"U1525","I461","I289","I325","I681","I458"
"U1527","I190","I65","I154","I229","I207"
"U1528","I292","I289","I295","I288","I704"
"U153","I679","I207","I233","I152","I455"
"U1530","I679","I207","I233","I152","I455"
"U1532","I55","I289","I292","I532","I58"
"U1533","I917","I707","I257","I1672","I486"
"U1534","I173","I190","I1713","I3200","I486"
"U1535","I679","I207","I233","I152","I455"
"U1536","I917","I707","I257","I1672","I486"
"U1537","I234","I436","I227","I7","I154"
"U1538","I154","I227","I1098","I439","I65"
"U1539","I679","I207","I233","I152","I455"
"U154","I679","I207","I233","I152","I455"
"U1540","I679","I207","I233","I152","I455"
"U1541","I679","I207","I233","I152","I455"
"U1542","I377","I187","I1047","I310","I1186"
"U1544","I289","I292","I288","I679","I455"
"U1545","I154","I227","I1098","I439","I65"
"U1546","I173","I190","I1713","I3200","I486"
"U1547","I533","I207","I227","I154","I203"
"U1549","I679","I207","I233","I152","I455"
"U1551","I679","I207","I233","I152","I455"
"U1553","I289","I292","I288","I679","I455"
"U1554","I227","I154","I439","I197","I195"
"U1555","I917","I707","I257","I1672","I486"
"U1556","I679","I207","I233","I152","I455"
"U1558","I917","I707","I257","I1672","I486"
"U1559","I679","I207","I233","I152","I455"
"U156","I533","I207","I227","I154","I203"
"U1560","I289","I292","I288","I679","I455"
"U1562","I679","I207","I233","I152","I455"
"U1564","I289","I292","I288","I679","I455"
"U1565","I679","I207","I233","I152","I455"
"U1566","I679","I207","I233","I152","I455"
"U1567","I679","I207","I233","I152","I455"
"U1568","I917","I707","I257","I1672","I486"
"U157","I679","I207","I233","I152","I455"
"U1570","I300","I679","I288","I289","I466"
"U1572","I289","I292","I288","I679","I455"
"U1573","I533","I207","I227","I154","I203"
"U1574","I679","I207","I233","I152","I455"
"U1577","I917","I707","I257","I1672","I486"
"U1578","I288","I289","I306","I466","I300"
"U1579","I227","I154","I439","I197","I195"
"U158","I679","I207","I233","I152","I455"
"U1580","I289","I292","I288","I679","I455"
"U1581","I679","I207","I233","I152","I455"
"U1582","I154","I227","I1098","I439","I65"
"U1583","I190","I65","I154","I229","I207"
"U1584","I1098","I230","I209","I961","I154"
"U1585","I51","I717","I225","I227","I53"
"U1586","I917","I707","I257","I1672","I486"
"U1587","I679","I207","I233","I152","I455"
"U1589","I917","I707","I257","I1672","I486"
"U159","I173","I190","I1713","I3200","I486"
"U1590","I55","I289","I292","I532","I58"
"U1591","I288","I289","I306","I466","I300"
"U1592","I679","I207","I233","I152","I455"
"U1593","I292","I289","I295","I288","I704"
"U1594","I227","I154","I439","I197","I195"
"U1595","I227","I154","I439","I197","I195"
"U1596","I227","I154","I439","I197","I195"
"U1597","I227","I154","I439","I197","I195"
"U1600","I55","I289","I292","I532","I58"
"U1604","I679","I207","I233","I152","I455"
"U1605","I288","I289","I306","I466","I300"
"U1606","I289","I292","I288","I679","I455"
"U1607","I292","I289","I295","I288","I704"
"U1608","I289","I292","I288","I679","I455"
"U1613","I679","I207","I233","I152","I455"
"U1614","I377","I187","I1047","I310","I1186"
"U1615","I227","I154","I439","I197","I195"
"U1616","I292","I289","I295","I288","I704"
"U1619","I679","I207","I233","I152","I455"
"U162","I679","I207","I233","I152","I455"
"U1623","I679","I207","I233","I152","I455"
"U1626","I154","I227","I1098","I439","I65"
"U1627","I679","I207","I233","I152","I455"
"U1628","I289","I292","I288","I679","I455"
"U1629","I679","I207","I233","I152","I455"
"U1630","I679","I207","I233","I152","I455"
"U1632","I679","I207","I233","I152","I455"
"U1633","I55","I289","I292","I532","I58"
"U1635","I679","I207","I233","I152","I455"
"U1636","I679","I207","I233","I152","I455"
"U1637","I154","I227","I1098","I439","I65"
"U1639","I227","I154","I439","I197","I195"
"U164","I679","I207","I233","I152","I455"
"U1640","I917","I707","I257","I1672","I486"
"U1643","I51","I717","I225","I227","I53"
"U1646","I679","I207","I233","I152","I455"
"U1647","I461","I289","I325","I681","I458"
"U1648","I55","I289","I292","I532","I58"
"U1649","I917","I707","I257","I1672","I486"
"U1650","I679","I207","I233","I152","I455"
"U1652","I289","I292","I288","I679","I455"
"U1653","I1098","I230","I209","I961","I154"
"U1655","I679","I207","I233","I152","I455"
"U1656","I533","I207","I227","I154","I203"
"U1657","I679","I207","I233","I152","I455"
"U1658","I679","I207","I233","I152","I455"
"U1659","I679","I207","I233","I152","I455"
"U166","I679","I207","I233","I152","I455"
"U1660","I917","I707","I257","I1672","I486"
"U1661","I498","I65","I681","I1672","I679"
"U1662","I679","I207","I233","I152","I455"
"U1663","I917","I707","I257","I1672","I486"
"U1664","I498","I65","I681","I1672","I679"
"U1666","I289","I292","I288","I679","I455"
"U1669","I679","I207","I233","I152","I455"
"U1672","I679","I207","I233","I152","I455"
"U1674","I190","I65","I154","I229","I207"
"U1676","I679","I207","I233","I152","I455"
"U1677","I679","I207","I233","I152","I455"
"U1678","I289","I292","I288","I679","I455"
"U168","I679","I207","I233","I152","I455"
"U1682","I498","I65","I681","I1672","I679"
"U1683","I679","I207","I233","I152","I455"
"U1684","I679","I207","I233","I152","I455"
"U1685","I173","I190","I1713","I3200","I486"
"U1686","I377","I187","I1047","I310","I1186"
"U1687","I288","I289","I306","I466","I300"
"U1688","I154","I227","I1098","I439","I65"
"U1689","I154","I227","I1098","I439","I65"
"U1690","I55","I289","I292","I532","I58"
"U1691","I679","I207","I233","I152","I455"
"U1692","I679","I207","I233","I152","I455"
"U1693","I289","I292","I288","I679","I455"
"U1694","I679","I207","I233","I152","I455"
"U1695","I679","I207","I233","I152","I455"
"U1696","I227","I154","I439","I197","I195"
"U1699","I288","I289","I306","I466","I300"
"U17","I679","I207","I233","I152","I455"
"U170","I679","I207","I233","I152","I455"
"U1703","I679","I207","I233","I152","I455"
"U1704","I679","I207","I233","I152","I455"
"U1705","I227","I154","I439","I197","I195"
"U1706","I679","I207","I233","I152","I455"
"U1707","I227","I154","I439","I197","I195"
"U1708","I679","I207","I233","I152","I455"
"U171","I154","I227","I1098","I439","I65"
"U1711","I679","I207","I233","I152","I455"
"U1712","I679","I207","I233","I152","I455"
"U1715","I679","I207","I233","I152","I455"
"U1717","I289","I292","I288","I679","I455"
"U1718","I679","I207","I233","I152","I455"
"U172","I173","I190","I1713","I3200","I486"
"U1720","I679","I207","I233","I152","I455"
"U1722","I289","I292","I288","I679","I455"
"U1724","I173","I190","I1713","I3200","I486"
"U1725","I917","I707","I257","I1672","I486"
"U1726","I289","I292","I288","I679","I455"
"U1727","I190","I65","I154","I229","I207"
"U1728","I190","I65","I154","I229","I207"
"U1729","I154","I227","I1098","I439","I65"
"U173","I679","I207","I233","I152","I455"
"U1730","I679","I207","I233","I152","I455"
"U1733","I679","I207","I233","I152","I455"
"U1734","I917","I707","I257","I1672","I486"
"U1736","I679","I207","I233","I152","I455"
"U174","I679","I207","I233","I152","I455"
"U1740","I679","I207","I233","I152","I455"
"U1741","I679","I207","I233","I152","I455"
"U1742","I289","I292","I288","I679","I455"
"U1743","I679","I207","I233","I152","I455"
"U1745","I679","I207","I233","I152","I455"
"U1746","I154","I227","I1098","I439","I65"
"U1747","I154","I227","I1098","I439","I65"
"U1748","I679","I207","I233","I152","I455"
"U1749","I227","I154","I439","I197","I195"
"U1752","I679","I207","I233","I152","I455"
"U1753","I289","I292","I288","I679","I455"
"U1754","I917","I707","I257","I1672","I486"
"U1757","I679","I207","I233","I152","I455"
"U1759","I377","I187","I1047","I310","I1186"
"U176","I51","I717","I225","I227","I53"
"U1760","I679","I207","I233","I152","I455"
"U1762","I300","I679","I288","I289","I466"
"U1764","I227","I154","I439","I197","I195"
"U1765","I679","I207","I233","I152","I455"
"U1766","I292","I289","I295","I288","I704"
"U1768","I679","I207","I233","I152","I455"
"U1769","I289","I292","I288","I679","I455"
"U177","I227","I154","I439","I197","I195"
"U1771","I289","I292","I288","I679","I455"
"U1772","I679","I207","I233","I152","I455"
"U1774","I173","I190","I1713","I3200","I486"
"U1775","I377","I187","I1047","I310","I1186"
"U1776","I292","I289","I295","I288","I704"
"U1778","I154","I227","I1098","I439","I65"
"U1780","I289","I292","I288","I679","I455"
"U1782","I679","I207","I233","I152","I455"
"U1783","I227","I154","I439","I197","I195"
"U1784","I498","I65","I681","I1672","I679"
"U1785","I154","I227","I1098","I439","I65"
"U1786","I679","I207","I233","I152","I455"
"U1787","I234","I436","I227","I7","I154"
"U1788","I289","I292","I288","I679","I455"
"U1789","I679","I207","I233","I152","I455"
"U179","I289","I292","I288","I679","I455"
"U1790","I1400","I230","I857","I227","I204"
"U1791","I917","I707","I257","I1672","I486"
"U1793","I679","I207","I233","I152","I455"
"U1795","I154","I227","I1098","I439","I65"
"U1796","I1098","I230","I209","I961","I154"
"U1797","I190","I65","I154","I229","I207"
"U1798","I173","I190","I1713","I3200","I486"
"U1799","I288","I289","I306","I466","I300"
"U18","I679","I207","I233","I152","I455"
"U180","I679","I207","I233","I152","I455"
"U1800","I679","I207","I233","I152","I455"
"U1802","I679","I207","I233","I152","I455"
"U1804","I173","I190","I1713","I3200","I486"
"U1805","I227","I154","I439","I197","I195"
"U1806","I154","I227","I1098","I439","I65"
"U1808","I288","I289","I306","I466","I300"
"U1809","I1098","I230","I209","I961","I154"
"U181","I173","I190","I1713","I3200","I486"
"U1811","I917","I707","I257","I1672","I486"
"U1813","I292","I289","I295","I288","I704"
"U1814","I190","I65","I154","I229","I207"
"U1815","I227","I154","I439","I197","I195"
"U1816","I679","I207","I233","I152","I455"
"U1817","I679","I207","I233","I152","I455"
"U1818","I679","I207","I233","I152","I455"
"U1819","I1098","I230","I209","I961","I154"
"U1820","I289","I292","I288","I679","I455"
"U1821","I289","I292","I288","I679","I455"
"U1823","I498","I65","I681","I1672","I679"
"U1824","I227","I154","I439","I197","I195"
"U1825","I917","I707","I257","I1672","I486"
"U1826","I679","I207","I233","I152","I455"
"U1828","I289","I292","I288","I679","I455"
"U1829","I679","I207","I233","I152","I455"
"U183","I154","I227","I1098","I439","I65"
"U1830","I679","I207","I233","I152","I455"
"U1831","I227","I154","I439","I197","I195"
"U1832","I227","I154","I439","I197","I195"
"U1833","I917","I707","I257","I1672","I486"
"U1834","I679","I207","I233","I152","I455"
"U1835","I679","I207","I233","I152","I455"
"U1836","I679","I207","I233","I152","I455"
"U1838","I55","I289","I292","I532","I58"
"U1839","I679","I207","I233","I152","I455"
"U184","I1098","I230","I209","I961","I154"
"U1842","I227","I154","I439","I197","I195"
"U1844","I1098","I230","I209","I961","I154"
"U1845","I51","I717","I225","I227","I53"
"U1846","I227","I154","I439","I197","I195"
"U1850","I679","I207","I233","I152","I455"
"U1851","I461","I289","I325","I681","I458"
"U1853","I679","I207","I233","I152","I455"
"U1855","I679","I207","I233","I152","I455"
"U1856","I292","I289","I295","I288","I704"
"U1858","I917","I707","I257","I1672","I486"
"U186","I498","I65","I681","I1672","I679"
"U1860","I917","I707","I257","I1672","I486"
"U1862","I679","I207","I233","I152","I455"
"U1863","I679","I207","I233","I152","I455"
"U1865","I679","I207","I233","I152","I455"
"U1866","I51","I717","I225","I227","I53"
"U1869","I55","I289","I292","I532","I58"
"U187","I679","I207","I233","I152","I455"
"U1871","I289","I292","I288","I679","I455"
"U1872","I498","I65","I681","I1672","I679"
"U1873","I289","I292","I288","I679","I455"
"U1875","I154","I227","I1098","I439","I65"
"U1877","I679","I207","I233","I152","I455"
"U1879","I190","I65","I154","I229","I207"
"U1880","I498","I65","I681","I1672","I679"
"U1881","I51","I717","I225","I227","I53"
"U1888","I234","I436","I227","I7","I154"
"U189","I498","I65","I681","I1672","I679"
"U1892","I679","I207","I233","I152","I455"
"U1894","I289","I292","I288","I679","I455"
"U1895","I917","I707","I257","I1672","I486"
"U1896","I679","I207","I233","I152","I455"
"U1897","I917","I707","I257","I1672","I486"
"U1898","I461","I289","I325","I681","I458"
"U1899","I1098","I230","I209","I961","I154"
"U1900","I51","I717","I225","I227","I53"
"U1903","I55","I289","I292","I532","I58"
"U1904","I679","I207","I233","I152","I455"
"U1905","I679","I207","I233","I152","I455"
"U1906","I1098","I230","I209","I961","I154"
"U1908","I292","I289","I295","I288","I704"
"U1909","I289","I292","I288","I679","I455"
"U191","I377","I187","I1047","I310","I1186"
"U1910","I1098","I230","I209","I961","I154"
"U1911","I679","I207","I233","I152","I455"
"U1917","I679","I207","I233","I152","I455"
"U1918","I1098","I230","I209","I961","I154"
"U1919","I679","I207","I233","I152","I455"
"U1920","I377","I187","I1047","I310","I1186"
"U1921","I498","I65","I681","I1672","I679"
"U1922","I173","I190","I1713","I3200","I486"
"U1923","I1098","I230","I209","I961","I154"
"U1924","I498","I65","I681","I1672","I679"
"U1926","I679","I207","I233","I152","I455"
"U1928","I679","I207","I233","I152","I455"
"U193","I679","I207","I233","I152","I455"
"U1931","I227","I154","I439","I197","I195"
"U1935","I498","I65","I681","I1672","I679"
"U1936","I679","I207","I233","I152","I455"
"U1937","I498","I65","I681","I1672","I679"
"U1938","I679","I207","I233","I152","I455"
"U194","I1098","I230","I209","I961","I154"
"U1941","I679","I207","I233","I152","I455"
"U1942","I679","I207","I233","I152","I455"
"U1944","I679","I207","I233","I152","I455"
"U1946","I292","I289","I295","I288","I704"
"U1947","I679","I207","I233","I152","I455"
"U1948","I679","I207","I233","I152","I455"
"U1949","I679","I207","I233","I152","I455"
"U195","I227","I154","I439","I197","I195"
"U1950","I679","I207","I233","I152","I455"
"U1951","I679","I207","I233","I152","I455"
"U1952","I227","I154","I439","I197","I195"
"U1954","I292","I289","I295","I288","I704"
"U1955","I679","I207","I233","I152","I455"
"U1957","I227","I154","I439","I197","I195"
"U1958","I679","I207","I233","I152","I455"
"U1959","I679","I207","I233","I152","I455"
"U196","I227","I154","I439","I197","I195"
"U1961","I679","I207","I233","I152","I455"
"U1963","I461","I289","I325","I681","I458"
"U1964","I679","I207","I233","I152","I455"
"U1965","I917","I707","I257","I1672","I486"
"U1966","I1098","I230","I209","I961","I154"
"U1968","I917","I707","I257","I1672","I486"
"U1973","I289","I292","I288","I679","I455"
"U1974","I227","I154","I439","I197","I195"
"U1977","I154","I227","I1098","I439","I65"
"U1978","I917","I707","I257","I1672","I486"
"U1979","I55","I289","I292","I532","I58"
"U198","I679","I207","I233","I152","I455"
"U1980","I227","I154","I439","I197","I195"
"U1981","I679","I207","I233","I152","I455"
"U1982","I173","I190","I1713","I3200","I486"
"U1983","I534","I525","I289","I1098","I497"
"U1984","I679","I207","I233","I152","I455"
"U1986","I917","I707","I257","I1672","I486"
"U1987","I679","I207","I233","I152","I455"
"U1988","I289","I292","I288","I679","I455"
"U1992","I679","I207","I233","I152","I455"
"U1993","I679","I207","I233","I152","I455"
"U1994","I227","I154","I439","I197","I195"
"U1995","I679","I207","I233","I152","I455"
"U1997","I227","I154","I439","I197","I195"
"U1998","I679","I207","I233","I152","I455"
"U1999","I679","I207","I233","I152","I455"
"U2","I51","I717","I225","I227","I53"
"U20","I679","I207","I233","I152","I455"
"U200","I917","I707","I257","I1672","I486"
"U2000","I679","I207","I233","I152","I455"
"U2001","I917","I707","I257","I1672","I486"
"U2004","I190","I65","I154","I229","I207"
"U2008","I679","I207","I233","I152","I455"
"U2009","I679","I207","I233","I152","I455"
"U201","I679","I207","I233","I152","I455"
"U2010","I154","I227","I1098","I439","I65"
"U2011","I679","I207","I233","I152","I455"
"U2013","I190","I65","I154","I229","I207"
"U2014","I679","I207","I233","I152","I455"
"U2015","I679","I207","I233","I152","I455"
"U2017","I679","I207","I233","I152","I455"
"U2018","I292","I289","I295","I288","I704"
"U2019","I679","I207","I233","I152","I455"
"U202","I917","I707","I257","I1672","I486"
"U2020","I498","I65","I681","I1672","I679"
"U2021","I300","I679","I288","I289","I466"
"U2022","I377","I187","I1047","I310","I1186"
"U2023","I679","I207","I233","I152","I455"
"U2024","I154","I227","I1098","I439","I65"
"U2027","I289","I292","I288","I679","I455"
"U2028","I679","I207","I233","I152","I455"
"U2029","I679","I207","I233","I152","I455"
"U203","I917","I707","I257","I1672","I486"
"U2031","I289","I292","I288","I679","I455"
"U2032","I1098","I230","I209","I961","I154"
"U2033","I289","I292","I288","I679","I455"
"U2034","I190","I65","I154","I229","I207"
"U2037","I288","I289","I306","I466","I300"
"U2038","I300","I679","I288","I289","I466"
"U2039","I679","I207","I233","I152","I455"
"U2040","I461","I289","I325","I681","I458"
"U2041","I679","I207","I233","I152","I455"
"U2042","I533","I207","I227","I154","I203"
"U2044","I679","I207","I233","I152","I455"
"U2045","I679","I207","I233","I152","I455"
"U2046","I679","I207","I233","I152","I455"
"U2047","I679","I207","I233","I152","I455"
"U205","I679","I207","I233","I152","I455"
"U2051","I154","I227","I1098","I439","I65"
"U2053","I679","I207","I233","I152","I455"
"U2054","I679","I207","I233","I152","I455"
"U2057","I679","I207","I233","I152","I455"
"U2058","I55","I289","I292","I532","I58"
"U2059","I292","I289","I295","I288","I704"
"U206","I679","I207","I233","I152","I455"
"U2060","I679","I207","I233","I152","I455"
"U2061","I288","I289","I306","I466","I300"
"U2062","I190","I65","I154","I229","I207"
"U2064","I498","I65","I681","I1672","I679"
"U2065","I289","I292","I288","I679","I455"
"U2066","I679","I207","I233","I152","I455"
"U2068","I300","I679","I288","I289","I466"
"U2069","I917","I707","I257","I1672","I486"
"U207","I679","I207","I233","I152","I455"
"U2070","I498","I65","I681","I1672","I679"
"U2071","I679","I207","I233","I152","I455"
"U2072","I289","I292","I288","I679","I455"
"U2075","I679","I207","I233","I152","I455"
"U2076","I498","I65","I681","I1672","I679"
"U2077","I679","I207","I233","I152","I455"
"U2078","I533","I207","I227","I154","I203"
"U2079","I289","I292","I288","I679","I455"
"U2080","I679","I207","I233","I152","I455"
"U2081","I1400","I230","I857","I227","I204"
"U2084","I679","I207","I233","I152","I455"
"U2086","I679","I207","I233","I152","I455"
"U2087","I292","I289","I295","I288","I704"
"U2088","I679","I207","I233","I152","I455"
"U209","I289","I292","I288","I679","I455"
"U2092","I679","I207","I233","I152","I455"
"U2094","I679","I207","I233","I152","I455"
"U2096","I234","I436","I227","I7","I154"
"U2097","I679","I207","I233","I152","I455"
"U21","I55","I289","I292","I532","I58"
"U210","I173","I190","I1713","I3200","I486"
"U211","I190","I65","I154","I229","I207"
"U212","I679","I207","I233","I152","I455"
"U213","I190","I65","I154","I229","I207"
"U214","I289","I292","I288","I679","I455"
"U215","I679","I207","I233","I152","I455"
"U216","I1098","I230","I209","I961","I154"
"U218","I227","I154","I439","I197","I195"
"U219","I498","I65","I681","I1672","I679"
"U22","I679","I207","I233","I152","I455"
"U220","I234","I436","I227","I7","I154"
"U223","I679","I207","I233","I152","I455"
"U224","I51","I717","I225","I227","I53"
"U225","I679","I207","I233","I152","I455"
"U226","I288","I289","I306","I466","I300"
"U227","I292","I289","I295","I288","I704"
"U229","I679","I207","I233","I152","I455"
"U23","I679","I207","I233","I152","I455"
"U230","I917","I707","I257","I1672","I486"
"U231","I289","I292","I288","I679","I455"
"U232","I289","I292","I288","I679","I455"
"U233","I292","I289","I295","I288","I704"
"U234","I679","I207","I233","I152","I455"
"U235","I917","I707","I257","I1672","I486"
"U236","I190","I65","I154","I229","I207"
"U237","I154","I227","I1098","I439","I65"
"U24","I55","I289","I292","I532","I58"
"U240","I190","I65","I154","I229","I207"
"U241","I679","I207","I233","I152","I455"
"U242","I917","I707","I257","I1672","I486"
"U243","I55","I289","I292","I532","I58"
"U244","I679","I207","I233","I152","I455"
"U248","I288","I289","I306","I466","I300"
"U249","I498","I65","I681","I1672","I679"
"U25","I679","I207","I233","I152","I455"
"U250","I679","I207","I233","I152","I455"
"U252","I300","I679","I288","I289","I466"
"U253","I289","I292","I288","I679","I455"
"U256","I289","I292","I288","I679","I455"
"U258","I289","I292","I288","I679","I455"
"U259","I173","I190","I1713","I3200","I486"
"U26","I917","I707","I257","I1672","I486"
"U260","I292","I289","I295","I288","I704"
"U261","I679","I207","I233","I152","I455"
"U262","I679","I207","I233","I152","I455"
"U263","I377","I187","I1047","I310","I1186"
"U264","I679","I207","I233","I152","I455"
"U265","I679","I207","I233","I152","I455"
"U266","I679","I207","I233","I152","I455"
"U267","I300","I679","I288","I289","I466"
"U268","I679","I207","I233","I152","I455"
"U269","I679","I207","I233","I152","I455"
"U27","I679","I207","I233","I152","I455"
"U271","I289","I292","I288","I679","I455"
"U273","I377","I187","I1047","I310","I1186"
"U274","I679","I207","I233","I152","I455"
"U275","I679","I207","I233","I152","I455"
"U277","I190","I65","I154","I229","I207"
"U278","I289","I292","I288","I679","I455"
"U28","I679","I207","I233","I152","I455"
"U280","I679","I207","I233","I152","I455"
"U281","I917","I707","I257","I1672","I486"
"U282","I679","I207","I233","I152","I455"
"U283","I679","I207","I233","I152","I455"
"U284","I679","I207","I233","I152","I455"
"U285","I917","I707","I257","I1672","I486"
"U286","I917","I707","I257","I1672","I486"
"U288","I227","I154","I439","I197","I195"
"U289","I190","I65","I154","I229","I207"
"U29","I498","I65","I681","I1672","I679"
"U290","I51","I717","I225","I227","I53"
"U291","I679","I207","I233","I152","I455"
"U292","I679","I207","I233","I152","I455"
"U293","I679","I207","I233","I152","I455"
"U295","I917","I707","I257","I1672","I486"
"U297","I227","I154","I439","I197","I195"
"U298","I227","I154","I439","I197","I195"
"U299","I679","I207","I233","I152","I455"
"U30","I498","I65","I681","I1672","I679"
"U300","I679","I207","I233","I152","I455"
"U301","I173","I190","I1713","I3200","I486"
"U302","I292","I289","I295","I288","I704"
"U303","I679","I207","I233","I152","I455"
"U304","I679","I207","I233","I152","I455"
"U305","I288","I289","I306","I466","I300"
"U306","I679","I207","I233","I152","I455"
"U308","I917","I707","I257","I1672","I486"
"U31","I679","I207","I233","I152","I455"
"U310","I292","I289","I295","I288","I704"
"U311","I679","I207","I233","I152","I455"
"U314","I498","I65","I681","I1672","I679"
"U315","I190","I65","I154","I229","I207"
"U316","I377","I187","I1047","I310","I1186"
"U317","I227","I154","I439","I197","I195"
"U318","I300","I679","I288","I289","I466"
"U32","I173","I190","I1713","I3200","I486"
"U321","I917","I707","I257","I1672","I486"
"U322","I288","I289","I306","I466","I300"
"U324","I917","I707","I257","I1672","I486"
"U326","I679","I207","I233","I152","I455"
"U327","I289","I292","I288","I679","I455"
"U328","I377","I187","I1047","I310","I1186"
"U329","I55","I289","I292","I532","I58"
"U33","I679","I207","I233","I152","I455"
"U330","I300","I679","I288","I289","I466"
"U331","I300","I679","I288","I289","I466"
"U332","I292","I289","I295","I288","I704"
"U333","I289","I292","I288","I679","I455"
"U334","I679","I207","I233","I152","I455"
"U335","I679","I207","I233","I152","I455"
"U336","I679","I207","I233","I152","I455"
"U338","I289","I292","I288","I679","I455"
"U339","I289","I292","I288","I679","I455"
"U34","I679","I207","I233","I152","I455"
"U340","I917","I707","I257","I1672","I486"
"U342","I173","I190","I1713","I3200","I486"
"U343","I917","I707","I257","I1672","I486"
"U345","I679","I207","I233","I152","I455"
"U346","I679","I207","I233","I152","I455"
"U347","I377","I187","I1047","I310","I1186"
"U348","I461","I289","I325","I681","I458"
"U349","I679","I207","I233","I152","I455"
"U350","I55","I289","I292","I532","I58"
"U351","I679","I207","I233","I152","I455"
"U352","I292","I289","I295","I288","I704"
"U353","I917","I707","I257","I1672","I486"
"U354","I289","I292","I288","I679","I455"
"U355","I288","I289","I306","I466","I300"
"U357","I679","I207","I233","I152","I455"
"U358","I679","I207","I233","I152","I455"
"U36","I377","I187","I1047","I310","I1186"
"U361","I917","I707","I257","I1672","I486"
"U362","I227","I154","I439","I197","I195"
"U363","I917","I707","I257","I1672","I486"
"U364","I679","I207","I233","I152","I455"
"U366","I154","I227","I1098","I439","I65"
"U367","I1098","I230","I209","I961","I154"
"U368","I679","I207","I233","I152","I455"
"U369","I679","I207","I233","I152","I455"
"U37","I679","I207","I233","I152","I455"
"U370","I173","I190","I1713","I3200","I486"
"U372","I377","I187","I1047","I310","I1186"
"U375","I292","I289","I295","I288","I704"
"U377","I917","I707","I257","I1672","I486"
"U378","I679","I207","I233","I152","I455"
"U38","I498","I65","I681","I1672","I679"
"U380","I289","I292","I288","I679","I455"
"U383","I498","I65","I681","I1672","I679"
"U385","I461","I289","I325","I681","I458"
"U386","I917","I707","I257","I1672","I486"
"U387","I679","I207","I233","I152","I455"
"U390","I55","I289","I292","I532","I58"
"U391","I679","I207","I233","I152","I455"
"U392","I292","I289","I295","I288","I704"
"U393","I227","I154","I439","I197","I195"
"U395","I679","I207","I233","I152","I455"
"U397","I679","I207","I233","I152","I455"
"U398","I679","I207","I233","I152","I455"
"U399","I288","I289","I306","I466","I300"
"U4","I679","I207","I233","I152","I455"
"U400","I679","I207","I233","I152","I455"
"U401","I498","I65","I681","I1672","I679"
"U402","I917","I707","I257","I1672","I486"
"U403","I679","I207","I233","I152","I455"
"U404","I1098","I230","I209","I961","I154"
"U405","I55","I289","I292","I532","I58"
"U406","I679","I207","I233","I152","I455"
"U407","I679","I207","I233","I152","I455"
"U409","I292","I289","I295","I288","I704"
"U41","I917","I707","I257","I1672","I486"
"U411","I679","I207","I233","I152","I455"
"U412","I679","I207","I233","I152","I455"
"U413","I292","I289","I295","I288","I704"
"U414","I289","I292","I288","I679","I455"
"U415","I289","I292","I288","I679","I455"
"U417","I289","I292","I288","I679","I455"
"U418","I154","I227","I1098","I439","I65"
"U419","I679","I207","I233","I152","I455"
"U42","I190","I65","I154","I229","I207"
"U420","I679","I207","I233","I152","I455"
"U421","I289","I292","I288","I679","I455"
"U423","I377","I187","I1047","I310","I1186"
"U424","I679","I207","I233","I152","I455"
"U425","I300","I679","I288","I289","I466"
"U426","I679","I207","I233","I152","I455"
"U427","I679","I207","I233","I152","I455"
"U428","I51","I717","I225","I227","I53"
"U43","I679","I207","I233","I152","I455"
"U430","I51","I717","I225","I227","I53"
"U431","I227","I154","I439","I197","I195"
"U432","I498","I65","I681","I1672","I679"
"U434","I679","I207","I233","I152","I455"
"U435","I679","I207","I233","I152","I455"
"U436","I679","I207","I233","I152","I455"
"U437","I679","I207","I233","I152","I455"
"U44","I227","I154","I439","I197","I195"
"U440","I679","I207","I233","I152","I455"
"U441","I679","I207","I233","I152","I455"
"U446","I679","I207","I233","I152","I455"
"U449","I679","I207","I233","I152","I455"
"U45","I288","I289","I306","I466","I300"
"U450","I679","I207","I233","I152","I455"
"U451","I679","I207","I233","I152","I455"
"U452","I51","I717","I225","I227","I53"
"U453","I190","I65","I154","I229","I207"
"U455","I679","I207","I233","I152","I455"
"U456","I679","I207","I233","I152","I455"
"U458","I917","I707","I257","I1672","I486"
"U459","I679","I207","I233","I152","I455"
"U46","I288","I289","I306","I466","I300"
"U460","I679","I207","I233","I152","I455"
"U462","I679","I207","I233","I152","I455"
"U464","I679","I207","I233","I152","I455"
"U465","I533","I207","I227","I154","I203"
"U466","I1098","I230","I209","I961","I154"
"U468","I679","I207","I233","I152","I455"
"U469","I917","I707","I257","I1672","I486"
"U47","I289","I292","I288","I679","I455"
"U470","I289","I292","I288","I679","I455"
"U471","I227","I154","I439","I197","I195"
"U472","I288","I289","I306","I466","I300"
"U473","I679","I207","I233","I152","I455"
"U474","I289","I292","I288","I679","I455"
"U475","I679","I207","I233","I152","I455"
"U476","I679","I207","I233","I152","I455"
"U477","I289","I292","I288","I679","I455"
"U478","I679","I207","I233","I152","I455"
"U479","I292","I289","I295","I288","I704"
"U48","I679","I207","I233","I152","I455"
"U480","I679","I207","I233","I152","I455"
"U481","I1098","I230","I209","I961","I154"
"U482","I173","I190","I1713","I3200","I486"
"U484","I190","I65","I154","I229","I207"
"U485","I234","I436","I227","I7","I154"
"U486","I292","I289","I295","I288","I704"
"U487","I461","I289","I325","I681","I458"
"U488","I154","I227","I1098","I439","I65"
"U489","I917","I707","I257","I1672","I486"
"U49","I679","I207","I233","I152","I455"
"U490","I679","I207","I233","I152","I455"
"U491","I917","I707","I257","I1672","I486"
"U492","I679","I207","I233","I152","I455"
"U493","I679","I207","I233","I152","I455"
"U494","I289","I292","I288","I679","I455"
"U495","I289","I292","I288","I679","I455"
"U496","I679","I207","I233","I152","I455"
"U497","I288","I289","I306","I466","I300"
"U498","I917","I707","I257","I1672","I486"
"U499","I679","I207","I233","I152","I455"
"U5","I154","I227","I1098","I439","I65"
"U50","I533","I207","I227","I154","I203"
"U501","I289","I292","I288","I679","I455"
"U502","I292","I289","I295","I288","I704"
"U503","I289","I292","I288","I679","I455"
"U504","I289","I292","I288","I679","I455"
"U506","I679","I207","I233","I152","I455"
"U509","I679","I207","I233","I152","I455"
"U51","I917","I707","I257","I1672","I486"
"U511","I154","I227","I1098","I439","I65"
"U512","I679","I207","I233","I152","I455"
"U513","I679","I207","I233","I152","I455"
"U514","I292","I289","I295","I288","I704"
"U515","I679","I207","I233","I152","I455"
"U516","I679","I207","I233","I152","I455"
"U518","I289","I292","I288","I679","I455"
"U519","I917","I707","I257","I1672","I486"
"U52","I679","I207","I233","I152","I455"
"U520","I679","I207","I233","I152","I455"
"U521","I498","I65","I681","I1672","I679"
"U525","I679","I207","I233","I152","I455"
"U526","I917","I707","I257","I1672","I486"
"U527","I679","I207","I233","I152","I455"
"U53","I300","I679","I288","I289","I466"
"U531","I289","I292","I288","I679","I455"
"U532","I679","I207","I233","I152","I455"
"U534","I292","I289","I295","I288","I704"
"U535","I679","I207","I233","I152","I455"
"U536","I289","I292","I288","I679","I455"
"U537","I679","I207","I233","I152","I455"
"U538","I288","I289","I306","I466","I300"
"U539","I917","I707","I257","I1672","I486"
"U54","I289","I292","I288","I679","I455"
"U540","I679","I207","I233","I152","I455"
"U541","I679","I207","I233","I152","I455"
"U543","I190","I65","I154","I229","I207"
"U545","I1098","I230","I209","I961","I154"
"U546","I679","I207","I233","I152","I455"
"U547","I227","I154","I439","I197","I195"
"U549","I679","I207","I233","I152","I455"
"U55","I154","I227","I1098","I439","I65"
"U550","I917","I707","I257","I1672","I486"
"U551","I917","I707","I257","I1672","I486"
"U553","I292","I289","I295","I288","I704"
"U555","I679","I207","I233","I152","I455"
"U557","I173","I190","I1713","I3200","I486"
"U559","I679","I207","I233","I152","I455"
"U56","I679","I207","I233","I152","I455"
"U560","I227","I154","I439","I197","I195"
"U565","I377","I187","I1047","I310","I1186"
"U566","I679","I207","I233","I152","I455"
"U567","I154","I227","I1098","I439","I65"
"U568","I679","I207","I233","I152","I455"
"U569","I917","I707","I257","I1672","I486"
"U57","I679","I207","I233","I152","I455"
"U570","I679","I207","I233","I152","I455"
"U571","I289","I292","I288","I679","I455"
"U572","I55","I289","I292","I532","I58"
"U574","I498","I65","I681","I1672","I679"
"U575","I292","I289","I295","I288","I704"
"U577","I679","I207","I233","I152","I455"
"U578","I461","I289","I325","I681","I458"
"U58","I461","I289","I325","I681","I458"
"U581","I679","I207","I233","I152","I455"
"U583","I234","I436","I227","I7","I154"
"U585","I190","I65","I154","I229","I207"
"U587","I679","I207","I233","I152","I455"
"U589","I289","I292","I288","I679","I455"
"U59","I679","I207","I233","I152","I455"
"U590","I679","I207","I233","I152","I455"
"U592","I190","I65","I154","I229","I207"
"U593","I679","I207","I233","I152","I455"
"U594","I917","I707","I257","I1672","I486"
"U595","I917","I707","I257","I1672","I486"
"U598","I289","I292","I288","I679","I455"
"U6","I679","I207","I233","I152","I455"
"U603","I917","I707","I257","I1672","I486"
"U604","I679","I207","I233","I152","I455"
"U605","I234","I436","I227","I7","I154"
"U606","I154","I227","I1098","I439","I65"
"U609","I1400","I230","I857","I227","I204"
"U61","I679","I207","I233","I152","I455"
"U611","I679","I207","I233","I152","I455"
"U612","I55","I289","I292","I532","I58"
"U613","I679","I207","I233","I152","I455"
"U614","I917","I707","I257","I1672","I486"
"U616","I917","I707","I257","I1672","I486"
"U617","I917","I707","I257","I1672","I486"
"U619","I679","I207","I233","I152","I455"
"U62","I51","I717","I225","I227","I53"
"U620","I1098","I230","I209","I961","I154"
"U621","I289","I292","I288","I679","I455"
"U622","I154","I227","I1098","I439","I65"
"U623","I154","I227","I1098","I439","I65"
"U624","I377","I187","I1047","I310","I1186"
"U628","I679","I207","I233","I152","I455"
"U629","I227","I154","I439","I197","I195"
"U63","I51","I717","I225","I227","I53"
"U631","I917","I707","I257","I1672","I486"
"U632","I289","I292","I288","I679","I455"
"U633","I679","I207","I233","I152","I455"
"U634","I679","I207","I233","I152","I455"
"U635","I227","I154","I439","I197","I195"
"U636","I461","I289","I325","I681","I458"
"U637","I679","I207","I233","I152","I455"
"U638","I289","I292","I288","I679","I455"
"U640","I227","I154","I439","I197","I195"
"U641","I377","I187","I1047","I310","I1186"
"U643","I51","I717","I225","I227","I53"
"U644","I154","I227","I1098","I439","I65"
"U646","I679","I207","I233","I152","I455"
"U647","I154","I227","I1098","I439","I65"
"U649","I679","I207","I233","I152","I455"
"U65","I679","I207","I233","I152","I455"
"U650","I917","I707","I257","I1672","I486"
"U651","I289","I292","I288","I679","I455"
"U652","I679","I207","I233","I152","I455"
"U654","I679","I207","I233","I152","I455"
"U655","I679","I207","I233","I152","I455"
"U657","I679","I207","I233","I152","I455"
"U658","I679","I207","I233","I152","I455"
"U659","I292","I289","I295","I288","I704"
"U66","I679","I207","I233","I152","I455"
"U662","I679","I207","I233","I152","I455"
"U665","I173","I190","I1713","I3200","I486"
"U666","I679","I207","I233","I152","I455"
"U667","I289","I292","I288","I679","I455"
"U668","I679","I207","I233","I152","I455"
"U669","I498","I65","I681","I1672","I679"
"U670","I679","I207","I233","I152","I455"
"U671","I679","I207","I233","I152","I455"
"U672","I917","I707","I257","I1672","I486"
"U673","I679","I207","I233","I152","I455"
"U674","I55","I289","I292","I532","I58"
"U675","I289","I292","I288","I679","I455"
"U676","I679","I207","I233","I152","I455"
"U678","I679","I207","I233","I152","I455"
"U679","I289","I292","I288","I679","I455"
"U68","I917","I707","I257","I1672","I486"
"U680","I461","I289","I325","I681","I458"
"U681","I173","I190","I1713","I3200","I486"
"U682","I300","I679","I288","I289","I466"
"U683","I679","I207","I233","I152","I455"
"U684","I289","I292","I288","I679","I455"
"U685","I917","I707","I257","I1672","I486"
"U686","I190","I65","I154","I229","I207"
"U688","I190","I65","I154","I229","I207"
"U689","I289","I292","I288","I679","I455"
"U69","I679","I207","I233","I152","I455"
"U690","I55","I289","I292","I532","I58"
"U691","I292","I289","I295","I288","I704"
"U693","I679","I207","I233","I152","I455"
"U696","I679","I207","I233","I152","I455"
"U697","I679","I207","I233","I152","I455"
"U698","I917","I707","I257","I1672","I486"
"U699","I51","I717","I225","I227","I53"
"U7","I288","I289","I306","I466","I300"
"U70","I679","I207","I233","I152","I455"
"U700","I288","I289","I306","I466","I300"
"U702","I288","I289","I306","I466","I300"
"U703","I289","I292","I288","I679","I455"
"U704","I679","I207","I233","I152","I455"
"U705","I679","I207","I233","I152","I455"
"U706","I234","I436","I227","I7","I154"
"U709","I679","I207","I233","I152","I455"
"U71","I917","I707","I257","I1672","I486"
"U710","I234","I436","I227","I7","I154"
"U711","I917","I707","I257","I1672","I486"
"U713","I289","I292","I288","I679","I455"
"U715","I917","I707","I257","I1672","I486"
"U716","I679","I207","I233","I152","I455"
"U717","I289","I292","I288","I679","I455"
"U718","I154","I227","I1098","I439","I65"
"U72","I292","I289","I295","I288","I704"
"U720","I679","I207","I233","I152","I455"
"U721","I679","I207","I233","I152","I455"
"U722","I534","I525","I289","I1098","I497"
"U723","I292","I289","I295","I288","I704"
"U728","I679","I207","I233","I152","I455"
"U73","I51","I717","I225","I227","I53"
"U730","I227","I154","I439","I197","I195"
"U731","I917","I707","I257","I1672","I486"
"U732","I289","I292","I288","I679","I455"
"U733","I377","I187","I1047","I310","I1186"
"U735","I917","I707","I257","I1672","I486"
"U736","I227","I154","I439","I197","I195"
"U737","I234","I436","I227","I7","I154"
"U738","I917","I707","I257","I1672","I486"
"U741","I377","I187","I1047","I310","I1186"
"U744","I498","I65","I681","I1672","I679"
"U746","I190","I65","I154","I229","I207"
"U749","I461","I289","I325","I681","I458"
"U75","I498","I65","I681","I1672","I679"
"U750","I679","I207","I233","I152","I455"
"U751","I679","I207","I233","I152","I455"
"U753","I679","I207","I233","I152","I455"
"U754","I227","I154","I439","I197","I195"
"U756","I154","I227","I1098","I439","I65"
"U757","I288","I289","I306","I466","I300"
"U758","I227","I154","I439","I197","I195"
"U759","I679","I207","I233","I152","I455"
"U760","I227","I154","I439","I197","I195"
"U761","I51","I717","I225","I227","I53"
"U762","I679","I207","I233","I152","I455"
"U763","I377","I187","I1047","I310","I1186"
"U764","I679","I207","I233","I152","I455"
"U765","I679","I207","I233","I152","I455"
"U767","I173","I190","I1713","I3200","I486"
"U768","I498","I65","I681","I1672","I679"
"U769","I533","I207","I227","I154","I203"
"U77","I679","I207","I233","I152","I455"
"U770","I377","I187","I1047","I310","I1186"
"U771","I679","I207","I233","I152","I455"
"U773","I227","I154","I439","I197","I195"
"U776","I234","I436","I227","I7","I154"
"U777","I679","I207","I233","I152","I455"
"U778","I289","I292","I288","I679","I455"
"U779","I679","I207","I233","I152","I455"
"U78","I679","I207","I233","I152","I455"
"U780","I679","I207","I233","I152","I455"
"U781","I292","I289","I295","I288","I704"
"U784","I227","I154","I439","I197","I195"
"U785","I679","I207","I233","I152","I455"
"U786","I679","I207","I233","I152","I455"
"U787","I377","I187","I1047","I310","I1186"
"U788","I51","I717","I225","I227","I53"
"U789","I679","I207","I233","I152","I455"
"U79","I679","I207","I233","I152","I455"
"U790","I498","I65","I681","I1672","I679"
"U791","I51","I717","I225","I227","I53"
"U792","I1098","I230","I209","I961","I154"
"U793","I289","I292","I288","I679","I455"
"U794","I227","I154","I439","I197","I195"
"U795","I289","I292","I288","I679","I455"
"U8","I289","I292","I288","I679","I455"
"U800","I917","I707","I257","I1672","I486"
"U802","I679","I207","I233","I152","I455"
"U804","I289","I292","I288","I679","I455"
"U805","I679","I207","I233","I152","I455"
"U806","I679","I207","I233","I152","I455"
"U808","I534","I525","I289","I1098","I497"
"U809","I289","I292","I288","I679","I455"
"U812","I917","I707","I257","I1672","I486"
"U813","I154","I227","I1098","I439","I65"
"U814","I498","I65","I681","I1672","I679"
"U815","I288","I289","I306","I466","I300"
"U816","I288","I289","I306","I466","I300"
"U817","I679","I207","I233","I152","I455"
"U818","I679","I207","I233","I152","I455"
"U819","I289","I292","I288","I679","I455"
"U821","I679","I207","I233","I152","I455"
"U824","I227","I154","I439","I197","I195"
"U825","I1400","I230","I857","I227","I204"
"U826","I289","I292","I288","I679","I455"
"U829","I679","I207","I233","I152","I455"
"U830","I289","I292","I288","I679","I455"
"U831","I679","I207","I233","I152","I455"
"U832","I679","I207","I233","I152","I455"
"U835","I679","I207","I233","I152","I455"
"U836","I292","I289","I295","I288","I704"
"U837","I154","I227","I1098","I439","I65"
"U838","I154","I227","I1098","I439","I65"
"U839","I377","I187","I1047","I310","I1186"
"U84","I679","I207","I233","I152","I455"
"U840","I679","I207","I233","I152","I455"
"U841","I917","I707","I257","I1672","I486"
"U844","I498","I65","I681","I1672","I679"
"U846","I234","I436","I227","I7","I154"
"U847","I679","I207","I233","I152","I455"
"U848","I679","I207","I233","I152","I455"
"U849","I679","I207","I233","I152","I455"
"U85","I679","I207","I233","I152","I455"
"U851","I300","I679","I288","I289","I466"
"U852","I679","I207","I233","I152","I455"
"U853","I679","I207","I233","I152","I455"
"U855","I679","I207","I233","I152","I455"
"U856","I234","I436","I227","I7","I154"
"U858","I679","I207","I233","I152","I455"
"U859","I679","I207","I233","I152","I455"
"U86","I679","I207","I233","I152","I455"
"U861","I917","I707","I257","I1672","I486"
"U862","I679","I207","I233","I152","I455"
"U863","I154","I227","I1098","I439","I65"
"U864","I1098","I230","I209","I961","I154"
"U865","I679","I207","I233","I152","I455"
"U868","I679","I207","I233","I152","I455"
"U87","I292","I289","I295","I288","I704"
"U870","I227","I154","I439","I197","I195"
"U871","I679","I207","I233","I152","I455"
"U873","I289","I292","I288","I679","I455"
"U874","I173","I190","I1713","I3200","I486"
"U875","I679","I207","I233","I152","I455"
"U878","I679","I207","I233","I152","I455"
"U88","I679","I207","I233","I152","I455"
"U881","I679","I207","I233","I152","I455"
"U882","I288","I289","I306","I466","I300"
"U884","I917","I707","I257","I1672","I486"
"U885","I289","I292","I288","I679","I455"
"U886","I1098","I230","I209","I961","I154"
"U887","I679","I207","I233","I152","I455"
"U888","I679","I207","I233","I152","I455"
"U889","I227","I154","I439","I197","I195"
"U89","I1098","I230","I209","I961","I154"
"U890","I679","I207","I233","I152","I455"
"U891","I679","I207","I233","I152","I455"
"U893","I679","I207","I233","I152","I455"
"U895","I917","I707","I257","I1672","I486"
"U896","I679","I207","I233","I152","I455"
"U898","I55","I289","I292","I532","I58"
"U899","I679","I207","I233","I152","I455"
"U9","I679","I207","I233","I152","I455"
"U90","I190","I65","I154","I229","I207"
"U903","I679","I207","I233","I152","I455"
"U904","I190","I65","I154","I229","I207"
"U905","I300","I679","I288","I289","I466"
"U906","I679","I207","I233","I152","I455"
"U907","I227","I154","I439","I197","I195"
"U909","I679","I207","I233","I152","I455"
"U91","I679","I207","I233","I152","I455"
"U910","I55","I289","I292","I532","I58"
"U911","I289","I292","I288","I679","I455"
"U912","I679","I207","I233","I152","I455"
"U913","I190","I65","I154","I229","I207"
"U914","I679","I207","I233","I152","I455"
"U915","I679","I207","I233","I152","I455"
"U916","I289","I292","I288","I679","I455"
"U917","I679","I207","I233","I152","I455"
"U919","I190","I65","I154","I229","I207"
"U92","I679","I207","I233","I152","I455"
"U920","I917","I707","I257","I1672","I486"
"U922","I154","I227","I1098","I439","I65"
"U925","I679","I207","I233","I152","I455"
"U927","I679","I207","I233","I152","I455"
"U929","I679","I207","I233","I152","I455"
"U930","I498","I65","I681","I1672","I679"
"U931","I679","I207","I233","I152","I455"
"U933","I154","I227","I1098","I439","I65"
"U934","I190","I65","I154","I229","I207"
"U938","I498","I65","I681","I1672","I679"
"U939","I917","I707","I257","I1672","I486"
"U94","I679","I207","I233","I152","I455"
"U940","I679","I207","I233","I152","I455"
"U941","I679","I207","I233","I152","I455"
"U942","I679","I207","I233","I152","I455"
"U943","I227","I154","I439","I197","I195"
"U946","I679","I207","I233","I152","I455"
"U95","I679","I207","I233","I152","I455"
"U950","I917","I707","I257","I1672","I486"
"U952","I227","I154","I439","I197","I195"
"U953","I227","I154","I439","I197","I195"
"U954","I679","I207","I233","I152","I455"
"U955","I55","I289","I292","I532","I58"
"U958","I679","I207","I233","I152","I455"
"U959","I679","I207","I233","I152","I455"
"U96","I51","I717","I225","I227","I53"
"U960","I679","I207","I233","I152","I455"
"U961","I679","I207","I233","I152","I455"
"U964","I533","I207","I227","I154","I203"
"U965","I289","I292","I288","I679","I455"
"U966","I288","I289","I306","I466","I300"
"U967","I679","I207","I233","I152","I455"
"U968","I679","I207","I233","I152","I455"
"U969","I679","I207","I233","I152","I455"
"U97","I679","I207","I233","I152","I455"
"U971","I917","I707","I257","I1672","I486"
"U972","I679","I207","I233","I152","I455"
"U975","I498","I65","I681","I1672","I679"
"U976","I679","I207","I233","I152","I455"
"U977","I679","I207","I233","I152","I455"
"U978","I679","I207","I233","I152","I455"
"U979","I917","I707","I257","I1672","I486"
"U98","I289","I292","I288","I679","I455"
"U981","I679","I207","I233","I152","I455"
"U984","I288","I289","I306","I466","I300"
"U985","I292","I289","I295","I288","I704"
"U986","I917","I707","I257","I1672","I486"
"U987","I292","I289","I295","I288","I704"
"U989","I1098","I230","I209","I961","I154"
"U99","I173","I190","I1713","I3200","I486"
"U990","I154","I227","I1098","I439","I65"
"U991","I533","I207","I227","I154","I203"
"U994","I679","I207","I233","I152","I455"
"U995","I300","I679","I288","I289","I466"
"U997","I154","I227","I1098","I439","I65"
"U998","I679","I207","I233","I152","I455"
"U999","I679","I207","I233","I152","I455"
